Classifier,Validation Score,Mean Test Score,Mean Fit Time,Mean Score Time,Optimum Hyperparameters,classifier_temp
Support Vector Machines,0.8256972111553785,0.8324206310913829,8.51978521347046,0.6018396377563476,"{'classifier__C': 1, 'classifier__gamma': 'auto', 'classifier__kernel': 'rbf'}",SVM
Ada Boost,0.8256972111553785,0.833002095366758,1.8093552112579345,0.05364892482757568,{'classifier__learning_rate': 1},adaboost
Random Forest,0.8250332005312085,0.8343300340497098,2.6274968862533568,0.056106734275817874,{'classifier__max_depth': 10},random_forest
Logistic Regression,0.8247011952191236,0.8319226368536412,0.42090721130371095,0.009693527221679687,{'classifier__solver': 'saga'},logistic_regression
