feature,mean,min,max
age,38.42019975962535,17,90
education_num,10.117120477433794,1,16
hours_per_week,40.91557876414273,1,99
