feature,mean,min,max
age,38.798472775564406,17,90
education_num,10.099601593625499,1,16
hours_per_week,40.97402058432935,1,99
